Link,Category,Task,Dataset,Model,,
https://github.com/jinfagang/keras_frcnn,cv,object_detection,image,"faster-rcnn,",,
https://github.com/fizyr/keras-retinanet,cv,object_detection,OpenImages,"vgg, ResNet, DenseNet,",,
https://github.com/tomrunia/TF_FeatureExtraction,cv,image_classification,"image, ImageNet","vgg, inception, ResNet,",,
https://github.com/sjvasquez/instacart-basket-prediction,prediction,prediction,table,"CNN, RNN, LSTM, SGNS, NNMF, GBM, Feedforward NN",,
https://github.com/Microsoft/MMdnn,unknown,unknown,ImageNet,"inception, ResNet, YOLO",,
https://github.com/chenyuntc/PyTorchText,nlp,text_classification,text,"CNN, inception, rcnn, RNN, FastText, LSTM,",,
https://github.com/michuanhaohao/keras_reid,other,classification,unknown,",",,
https://github.com/TensorFlowNews/TensorFlow-Bitcoin-Robot,prediction,prediction,table,"CNN, LSTM,",,
https://github.com/nicholastoddsmith/poeai,cv,image_classification,image,CNN,,
https://github.com/fengju514/Face-Pose-Net,cv,object_recognition,image,"DCNN, FPN",,
https://github.com/vahidk/TensorflowFramework,cv,image_classification,"image, MNIST, Cifar10, Cifar100","CNN, AlexNet,",,
https://github.com/hassony2/kinetics_i3d_pytorch,unknown,unknown,ImageNet,inception,,
https://github.com/itayhubara/BinaryNet.tf,cv,image_classification,"Cifar10, Cifar100","BN, BNN",,
https://github.com/Determined22/zh-NER-TF,nlp,ner,text,"BiLSTM, CRF",,
https://github.com/dvornikita/blitznet,cv,object_detection,"Pascal VOC, COCO, ImageNet","BlitzNet,",,
https://github.com/BenWhetton/keras-surgeon,cv,image_classification,"image, MNIST","inception, LeNet,",,
https://github.com/taki0112/ResNeXt-Tensorflow,cv,image_classification,Cifar10,"ResNet, DenseNet, ResNeXt",,
https://github.com/hwalsuklee/tensorflow-generative-model-collections,unknown,unknown,"MNIST, Fashion-MNIST","GAN, VAE,",,
https://github.com/NLPLearn/R-net,nlp,reading comprehension,"text, SQuAD","residual, GRU, R-NET",,
https://github.com/raghakot/keras-text,nlp,text_classification,text,"CNN, RNN, HAN",,
https://github.com/gaussic/text-classification-cnn-rnn,nlp,text_classification,"text, THUCNews","CNN, RNN",,
https://github.com/youngjoo-epfl/gconvRNN,unknown,unknown,Penn Treebank,"LSTM, GCRNN",,
https://github.com/zonetrooper32/VDCNN,nlp,text_classification,"Yelp, Yahoo!, HD1K Benchmark Suite, Sogou, DBPedia, Amazon Review","CNN, VDCNN",,
https://github.com/NifTK/NiftyNet,cv,image_classification,image,"CNN, GAN, NiftyNet",,
https://github.com/IBM/tensorflow-hangul-recognition,nlp,text_recognition,text,"CNN,",,
https://github.com/AITTSMD/MTCNN-Tensorflow,cv,object_detection,image,"MTCNN,",,
https://github.com/robmsmt/KerasDeepSpeech,audio,speech_recognition,"Mozilla Common Voice, LibriSpeech","CTC,",,
https://github.com/shiyybua/NER,nlp,ner,text,"BiRNN, CRF",,
https://github.com/pkmital/pycadl,unknown,unknown,"image, text, audio, MNIST, NSynth, Google Audioset, LibriSpeech","CNN, inception, GAN, VAE, residual, RNN, seq2seq,",,
https://github.com/DongjunLee/conversation-tensorflow,unknown,unknown,text,"RNN, LSTM, HMM, GRU, seq2seq,",,
https://github.com/google-research/batch-ppo,reinforcement learning,reinforcement_learning,openai-gym,,,
https://github.com/ankonzoid/LearningX,reinforcement learning,reinforcement_learning,openai-gym,,,
https://github.com/HaloOrangeWang/NoiseMaker,audio,audio,unknown,"LSTM, HMM",,
https://github.com/sjvasquez/web-traffic-forecasting,prediction,prediction,table,"WaveNet,",,
https://github.com/tesserai/tfi,cv,image_classification,image,"inception,",,
https://github.com/minhnhat93/tf-SNDCGAN,nlp,sentiment_analysis,Cifar10,"inception, GAN,",,
https://github.com/castorini/honk,audio,speech_recognition,Speech Commands Dataset,"CNN,",,
https://github.com/taki0112/SENet-Tensorflow,cv,image_classification,"Cifar10, ImageNet","SENet,",,
https://github.com/guillaumegenthial/im2latex,unknown,unknown,"image, text","seq2seq,",,
https://github.com/RasaHQ/rasa_core,unknown,unknown,"text, audio",",",,
https://github.com/taehoonlee/tensornets,cv,object_detection,"image, OpenImages, ImageNet","inception, FCN, SSD, YOLO, faster-rcnn",,
https://github.com/eragonruan/text-detection-ctpn,nlp,text_detection,"text, image","vgg, faster-rcnn,",,
https://github.com/tensorflow/lattice,unknown,unknown,unknown,",",,
https://github.com/eridgd/WCT-TF,cv,object_localization,"image, COCO, MS MARCO","vgg,",,
https://github.com/MaybeShewill-CV/CRNN_Tensorflow,nlp,text_recognition,synth90k,"CNN, RNN, CTC, End-to-End, Bi-LSTM,",,
https://github.com/openai/gradient-checkpointing,unknown,unknown,unknown,"ResNet,",,
https://github.com/zjjMaiMai/Deep-Alignment-Network-A-convolutional-neural-network-for-robust-face-alignment,cv,object_detection,image,"CNN, DAN",,
https://github.com/EliotAndres/pretrained.ml,unknown,unknown,image,",",,
https://github.com/Joker316701882/Salient-Object-Detection,cv,object_detection,image,",",,
https://github.com/allenai/bilm-tf,nlp,text_classification,"text, SQuAD, Mozilla Common Voice","ELMo, LSTM, biLM",,
https://github.com/mkocabas/focal-loss-keras,unknown,unknown,unknown,",",,
https://github.com/conan7882/CNN-Visualization,other,visualization,image,"CNN, vgg, GoogLeNet,",,
https://github.com/onnx/onnx-tensorflow,unknown,unknown,unknown,"CNN, vgg,",,
https://github.com/shenweichen/DeepCTR,unknown,unknown,unknown,"BiLSTM, ONN, FGCNN, FiBiNET, DSIN, DeepFM",,
https://github.com/Microsoft/samples-for-ai,cv,object_recognition,"image, MNIST","DNN,",,
https://github.com/tf-coreml/tf-coreml,unknown,unknown,unknown,",",,
https://github.com/scofield7419/sequence-labeling-BiLSTM-CRF,nlp,ner,text,",BiLSTM, CRF",,
https://github.com/cydonia999/Tiny_Faces_in_Tensorflow,cv,object_detection,image,"ResNet,",,
https://github.com/andabi/deep-voice-conversion,audio,speech_recognition,TIMIT. Arctic,"End-to-End, GRU, CBHG,",,
https://github.com/GSByeon/multi-speaker-tacotron-tensorflow,audio,speech_recognition,"text, audio, Audioset","End-to-End,",,
https://github.com/cvlab-epfl/tf-lift,unknown,unknown,image,",",,
https://github.com/andrewliao11/gail-tf,reinforcement learning,reinforcement_learning,openai-gym,"End-to-End,",,
https://github.com/for-ai/CipherGAN,unknown,unknown,image,"GAN,",,
https://github.com/RandolphVI/Multi-Label-Text-Classification,nlp,text_classification,text,"CNN, FastText, LSTM,",,
https://github.com/matterport/Mask_RCNN,cv,object_detection,"image, COCO, ImageNet, MS MARCO, Mozilla Common Voice","rcnn,",,
https://github.com/mirceamironenco/BayesianRecurrentNN,unknown,unknown,unknown,"BRNN,",,
https://github.com/hellochick/PSPNet-tensorflow,cv,object_recognition,image,"PSPNet,",,
https://github.com/nick6918/MyDeepLearning,cv,object_localization,"image, MNIST, COCO, Cifar10","CNN, ResNet, FCN, rcnn, GAN, VAE, RNN, LSTM,",,
https://github.com/akshaybahadur21/Digit-Recognizer,cv,object_recognition,"image, MNIST","Softmax Regression,",,
https://github.com/kk7nc/RMDL,multi,"image_classification, text_classification","20Newsgroups, Reters-21578, MNIST, Cifar10, IMDB","RMDL, CNN, RNN, LSTM, DNN, GRU,",,
https://github.com/huxiaoman7/PaddlePaddle_code,cv,image_classification,"MNIST, Fashion-MNIST","Lenet, AlexNet, vgg",,
https://github.com/Kyubyong/deepvoice3,audio,speech_recognition,LJ Speech,",",,
https://github.com/maxpumperla/deep_learning_and_the_game_of_go,unknown,unknown,unknown,",",,
https://github.com/GenTang/intro_ds,unknown,unknown,unknown,",",,
https://github.com/naturomics/CapsNet-Tensorflow,cv,image_classification,"image, MNIST, Fashion-MNIST","CapsNet,",,
https://github.com/XifengGuo/CapsNet-Keras,cv,image_classification,"image, MNIST, Google Audioset","CapsNet,",,
https://github.com/BertMoons/QuantizedNeuralNetworks-Keras-Tensorflow,cv,image_classification,"image, MNIST, Cifar10","QNN,",,
https://github.com/r9y9/deepvoice3_pytorch,audio,speech_recognition,"JSUT, LJ Speech, VCTK","Kaldi, seq2seq, End-to-End",,
https://github.com/FitMachineLearning/FitML,other,Q-learning,unknown,"FitML,",,
https://github.com/OpenNMT/OpenNMT-tf,nlp,machine_translation,text,RNN,,
https://github.com/flrngel/Self-Attentive-tensorflow,other,Sentence Embedding,text,",",,
https://github.com/jaesik817/adv_attack_capsnet,cv,image_classification,"image, MNIST, Google Audioset","FGSM, AGL",,
https://github.com/shubhomoydas/ad_examples,cv,object_detection,"image, toy2","GAN, SVM, RNN, LSTM",,
https://github.com/NLPLearn/QANet,nlp,reading comprehension,SQuAD,"QANet,",,
https://github.com/ljanyst/ssd-tensorflow,cv,object_detection,Pascal VOC,vgg,,
https://github.com/Thenerdstation/mltest,unknown,unknown,unknown,"GAN,",,
https://github.com/danielegrattarola/keras-gat,cv,object_localization,"CORA, PubMed, CiteSeer","GAT,",,
https://github.com/fendouai/Chinese-Text-Classification,nlp,text_classification,text,"CNN,",,
https://github.com/bourdakos1/capsule-networks,cv,image_classification,MNIST,"CapsNet,",,
https://github.com/andrejonasson/dynamic-coattention-network-plus,nlp,question_answering,SQuAD,"BiLSTM, DCN",,
https://github.com/ChenglongChen/tensorflow-DeepFM,prediction,prediction,table,"DNN, DeepFM, CTR",,
https://github.com/darkonhub/darkon,unknown,unknown,unknown,"CNN,",,
https://github.com/petercunha/Emotion,cv,object_recognition,unknown,"CNN,",,
https://github.com/Microsoft/gated-graph-neural-network-samples,unknown,unknown,unknown,"GNN,",,
https://github.com/aws/sagemaker-python-sdk,prediction,prediction,table,"NTM, LDA, PCA",,
https://github.com/roomylee/cnn-relation-extraction,other,relation_extraction,image,"CNN,",,
https://github.com/tuxchow/ecm,nlp,text_classification,"ESTC, STC","RNN, seq2seq,",,
https://github.com/yangxue0827/R2CNN_FPN_Tensorflow,cv,object_detection,icdar2015,"R2CNN, CNN, FRN",,
https://github.com/nerox8664/pytorch2keras,cv,image_classification,ImageNet,"AlexNet, ResNet, DenseNet",,
https://github.com/titu1994/Keras-NASNet,cv,image_classification,ImageNet,"NASNet,",,
https://github.com/flyyufelix/Direct-Future-Prediction-Keras,multi,"reinforcement learning, ner",VizDoom Health Gathering,"DFP, DDQN",,
https://github.com/deepmipt/DeepPavlov,nlp,text_classification,"text, SQuAD","FastText, BERT, ELMo, seq2seq,",,
https://github.com/hwwang55/GraphGAN,unknown,unknown,number,"GraphGAN,",,
https://github.com/gzdaijie/tensorflow-tutorial-samples,unknown,unknown,MNIST,"CNN,",,
https://github.com/jhfjhfj1/autokeras,other,neural-architecture-search,unknown,",",,
https://github.com/www0wwwjs1/Matrix-Capsules-EM-Tensorflow,cv,image_classification,"image, MNIST, Cifar10, Cifar100","CNN, CapsNet",,
https://github.com/jsilter/parametric_tsne,unknown,unknown,unknown,"tSNE,",,
https://github.com/Kyubyong/dc_tts,audio,speech_recognition,"LJ Speech,","SSRN, Text2Mel",,
https://github.com/google/deepvariant,unknown,unknown,DNA,",",,
https://github.com/tadejmagajna/HereIsWally,cv,object_detection,"image, COCO","inception, Faster-RCNN",,
https://github.com/nicolov/gradient_boosting_tensorflow_xgboost,unknown,unknown,unknown,"XGBoost,",,
https://github.com/HKUST-KnowComp/R-Net,nlp,reading comprehension,SQuAD,"RNN, R-Net,",,
https://github.com/Barqawiz/Shakkala,nlp,text_vocalization,text,",",,
https://github.com/BoyuanJiang/Age-Gender-Estimate-TF,cv,object_recognition,"image, wiki, IMDB","CNN,",,
https://github.com/yangxue0827/R-DFPN_FPN_Tensorflow,cv,object_detection,Pascal VOC,"R-DFPN,",,
https://github.com/bilylee/SiamFC-TensorFlow,cv,object_tracking,"ImageNet, ILSVRC2015","SiamFC,",,
https://github.com/kubeflow/kubeflow,unknown,unknown,unknown,",",,
https://github.com/easy-tensorflow/easy-tensorflow,multi,"reinforcement learning, object_detection",unknown,"CNN, RNN",,
https://github.com/DongjunLee/text-cnn-tensorflow,nlp-multi,"sentiment_analysis, text_classification",text,"text-CNN,",,
https://github.com/liyaguang/DCRNN,prediction,prediction,table,"DCRNN,",,
https://github.com/yangxue0827/FPN_Tensorflow,cv,object_detection,pascal VOC,"FPN, ResNet",,
https://github.com/GeorgeSeif/Semantic-Segmentation-Suite,nlp,semantic_segmentation,"image, text, HD1K Benchmark Suite","ResNet, SegNet, PSPNet, RefineNet, DeepLabV3, DeepLabV3+, GCN, residual, PSPNet, ICNet",,
https://github.com/527515025/My-TensorFlow-tutorials,cv,image_classification,MNIST,"DNN, CNN",,
https://github.com/yeephycho/nasnet-tensorflow,cv,object_detection,"image, ImageNet","CNN, nasnet",,
https://github.com/sebastianheinz/stockprediction,prediction,prediction,table,",",,
https://github.com/DongjunLee/transformer-tensorflow,nlp,machine_translation,IWSLT'15 English-Vietnamese,"FFN,",,
https://github.com/albermax/innvestigate,cv,object_detection,image,"iNNvestigate,",,
https://github.com/UCodeUStory/DeepLearn-Tensorflow,unknown,unknown,unknown,",",,
https://github.com/Jack-Cherish/Deep-Learning,unknown,unknown,unknown,",",,
https://github.com/bhansconnect/alpha_zero_othello,unknown,unknown,unknown,",",,
https://github.com/randaller/cnn-rtlsdr,nlp,signal_classification,unknown,"CNN,",,
https://github.com/brannondorsey/PassGAN,prediction,prediction,"LinkedIn leak, Exploit.in torrent , Hashes.org:","GAN,",,
https://github.com/thoughtworksarts/EmoPy,cv,object_recognition,"Extended Cohn-Kanade, Microsoft FER+","FER NN,",,
https://github.com/Rayhane-mamah/Tacotron-2,audio,speech_recognition,"LJ Speech, M-AILABS speech","Tacotron, WaveNet",,
https://github.com/aspuru-guzik-group/chemical_vae,prediction,prediction,chem,"VAE, RNN,",,
https://github.com/u39kun/deep-learning-benchmark,unknown,unknown,unknown,",",,
https://github.com/GustavZ/realtime_object_detection,cv,object_detection,image,",",,
https://github.com/soeaver/Pytorch_Mask_RCNN,cv,object_detection,"image, COCO","rcnn,",,
https://github.com/zhangqianhui/progressive_growing_of_gans_tensorflow,cv,image_generation,celebA,"PGGAN,",,
https://github.com/chen0040/keras-text-summarization,nlp,text_summarization,text,"RNN, LSTM, seq2seq,",,
https://github.com/algorithmiaio/danku,unknown,unknown,unknown,",",,
https://github.com/JustinhoCHN/SRGAN_Wasserstein,cv,image_classification,"DIV2K, image","GAN, SRGAN",,
https://github.com/Li-Ming-Fan/OCR-DETECTION-CTPN,nlp,text_detection,image,"CNN, LSTM, CTPN",,
https://github.com/hzy46/Deep-Learning-21-Examples,unknown,unknown,unknown,",",,
https://github.com/titu1994/neural-image-assessment,cv,image_generation,AVA,"inception, ResNet, NASNet Mobile, MobileNet",,
https://github.com/hiveml/tensorflow-grad-cam,cv,image_classification,ImageNet,"ResNet,",,
https://github.com/JunYeopLee/capsule-networks,cv,image_classification,MNIST,"CapsNet,",,
https://github.com/felipessalvatore/self_driving_pi_car,cv,object_tracking,image,",",,
https://github.com/developmentseed/label-maker,other,data-preprocessing,image,",",,
https://github.com/charliememory/Pose-Guided-Person-Image-Generation,cv,image_generation,"image, Market-1501",",",,
https://github.com/neptune-ml/open-solution-data-science-bowl-2018,unknown,unknown,unknown,",",,
https://github.com/brucechou1983/CheXNet-Keras,cv,object_detection,"image, ChestX-ray14","CNN, DenseNet, ChexNet",,
https://github.com/shuyo/iir,unknown,unknown,unknown,",",,
https://github.com/farzaa/DeepLeague,cv,object_localization,VOD,"YOLO,",,
https://github.com/IsaacChanghau/neural_sequence_labeling,nlp,ner,"CoNLL-2003, BIO2","residual, RNN, End-to-End, Bi-LSTM, CRF",,
https://github.com/snowkylin/TensorFlow-cn,unknown,unknown,unknown,",",,
https://github.com/aws/sagemaker-tensorflow-container,unknown,unknown,unknown,",",,
https://github.com/hwwang55/RippleNet,nlp,recommender_systems,"text, movie, Book-Crossing","End-to-End, RippleNet",,
https://github.com/ahmetozlu/vehicle_counting_tensorflow,cv-multi,"object_detection, object_tracking",image,"SSD,",,
https://github.com/A-bone1/Attention-ocr-Chinese-Version,nlp,text_recognition,text,"Attention-CRNN,",,
https://github.com/rishizek/tensorflow-deeplab-v3,nlp,semantic_segmentation,pascal VOC,"ResNet,",,
https://github.com/xingyul/Sparse-Winograd-CNN,cv,image_classification,"image, ImageNet","CNN, ResNet,",,
https://github.com/lzrobots/DeepEmbeddingModel_ZSL,unknown,unknown,unknown,"ResNet,",,
https://github.com/tensorflow/kfac,unknown,unknown,unknown,",",,
https://github.com/miranthajayatilake/YOLOw-Keras,cv,object_detection,image,"YOLO,",,
https://github.com/qianguih/voxelnet,cv,object_detection,image,"End-to-End, VoxelNet",,
https://github.com/deeppomf/DeepCreamPy,cv,image_generation,image,",",,
https://github.com/Goldesel23/Siamese-Networks-for-One-Shot-Learning,cv,image_classification,"image, Omniglot","DCSN, Siamese Net",,
https://github.com/RaphaelMeudec/deblur-gan,cv,image_generation,image,"GAN,",,
https://github.com/allenai/PeerRead,prediction,prediction,"PearRead,",",",,
https://github.com/andabi/voice-vector,nlp,text_classification,VoxCeleb,"End-to-End, CBHG,",,
https://github.com/onnx/onnxmltools,unknown,unknown,unknown,",",,
https://github.com/ChenglongChen/tensorflow-XNN,prediction,prediction,"table, text","FastText, End-to-End,",,
https://github.com/princewen/tensorflow_practice,unknown,unknown,unknown,",",,
https://github.com/melodyguan/enas,cv,image_classification,"image, Cifar10, Penn Treebank",",",,
https://github.com/llSourcell/Progressive_GANs,cv,image_generation,"image, CIFAR10","inception, GAN,",,
https://github.com/rishizek/tensorflow-deeplab-v3-plus,nlp,semantic_segmentation,pascal VOC,"ResNet,",,
https://github.com/iboing/CliqueNet,cv,image_classification,"image, ILSVRC2012, ImageNet, Cifar10, Cifar100, SVHN","DenseNet, CNN. CliqueNet",,
https://github.com/DeNA/SRCNNKit,unknown,unknown,unknown,",",,
https://github.com/Ao-Lee/Vgg-Face-Fine-tune,cv,object_detection,"image, LFW, AR dataset, CAS-PEAL",",",,
https://github.com/JianWenJun/MLDemo,unknown,unknown,unknown,",",,
https://github.com/mrahtz/easy-tf-log,unknown,unknown,unknown,",",,
https://github.com/MarkPKCollier/NeuralTuringMachine,unknown,unknown,unknown,"NTM, LSTM,",,
https://github.com/auroua/InsightFace_TF,cv,object_recognition,image,"ResNet, vgg,",,
https://github.com/HRLTY/TP-GAN,cv,object_recognition,"image, MultiPIE","GAN,",,
https://github.com/bystc/FaceRecognition,cv,object_recognition,image,",",,
https://github.com/EricLingRui/NLP-tools,nlp,ner,text,"BiLSTM, CRF",,
https://github.com/llSourcell/Neural_Network_Voices,audio,speech_recognition,audio,"End-to-End, GRU, CBHG,",,
https://github.com/stared/livelossplot,unknown,unknown,unknown,",",,
https://github.com/yule-li/CosFace,cv,object_recognition,"CASIA-WebFace-112X96, fw-112X96, image",",",,
https://github.com/tensorflow/hub,unknown,unknown,unknown,",",,
https://github.com/fizyr/keras-maskrcnn,cv,object_detection,"image, COCO, OpenImages","RCNN, MaskRCNN, ResNet50",,
https://github.com/omoindrot/tensorflow-triplet-loss,cv,image_classification,MNIST,",",,
https://github.com/onnx/tensorflow-onnx,unknown,unknown,unknown,"RNN, LSTM,",,
https://github.com/batzner/indrnn,cv,image_classification,MNIST,"RNN,",,
https://github.com/PacktPublishing/Advanced-Deep-Learning-with-Keras,multi,"image_classification, reinforcement_learning, object_detection, semantic_segmentation","image, MNIST","CNN, ResNet, DenseNet, FCN, GAN, VAE, RNN,",,
https://github.com/cj0012/AI-Practice-Tensorflow-Notes,cv,image_classification,MNIST,"Lenet,",,
https://github.com/Lsdefine/attention-is-all-you-need-keras,unknown,unknown,unknown,",",,
https://github.com/YCG09/chinese_ocr,nlp,text_recognition,text,"CTC, CTPN, DenseNet",,
https://github.com/bonlime/keras-deeplab-v3-plus,cv,image_segmentation,image,"Deeplabv3,",,
https://github.com/omni-us/squeezedet-keras,cv,object_detection,"KITTI, ImageNet",",",,
https://github.com/chenyilun95/tf-cpn,other,Deep Mutual Learning,"image, COCO","ResNet, CPN",,
https://github.com/mortendahl/tf-encrypted,unknown,unknown,unknown,",",,
https://github.com/outcastofmusic/quick-nlp,nlp-multi,nlp,text,"seq2seq,",,
https://github.com/shaohua0116/Group-Normalization-Tensorflow,cv-multi,"image_classification, object_recognition, object_segmentation, vedio_classification","SVHN, MNIST, COCO, Fashion-MNIST, Cifar10, Kinect","BN, GN",,
https://github.com/nicola-decao/s-vae-tf,unknown,unknown,unknown,",",,
https://github.com/YingZhangDUT/Deep-Mutual-Learning,cv,object_detection,"image, Market-1501","MobileNets,",,
https://github.com/minimaxir/person-blocker,cv,object_detection,"image, COCO, MS MARCO","Mask R-CNN,",,
https://github.com/AlexEMG/DeepLabCut,cv,object_detection,"image, video","ResNet, readout",,
https://github.com/Kyubyong/expressive_tacotron,audio,speech_recognition,"LJ Speech,","GMM, End-to-End, Tacotron",,
https://github.com/bzantium/nlp-tensorflow,nlp-multi,nlp,text,"CNN, RNN, LSTM,",,
https://github.com/pjankiewicz/mercari-solution,unknown,unknown,unknown,",",,
https://github.com/syang1993/gst-tacotron,audio,speech_recognition,"LJ Speech, Blizzard 2013","End-to-End, GST Tacotron",,
https://github.com/qqwweee/keras-yolo3,cv,object_detection,image,"YOLO,",,
https://github.com/dmlc/gluon-nlp,nlp-multi,nlp,text,"RNN, BERT, LSTM,",,
https://github.com/HiKapok/tf.fashionAI,cv,object_detection,"image, Alibaba","ResNet, DHN, CPN",,
https://github.com/lifeomic/sparkflow,unknown,unknown,unknown,",",,
https://github.com/SeoSangwoo/Attention-Based-BiLSTM-relation-extraction,nlp,text_classification,"text, SemEval-2010 Task #8","BiLSTM,",,
https://github.com/maiminh1996/YOLOv3-tensorflow,nlp,machine_translation,"text, COCO","YOLO,",,
https://github.com/stellargraph/stellargraph,cv,graph-generation,"graph, NetworkX","GCN, SGC, PPNP, RGCN",,
https://github.com/kermitt2/delft,nlp,text_classification,text,"CNN, SSD, RNN, FastText, BERT, ELMo, LSTM, End-to-End, GRU,",,
https://github.com/xiaofengShi/CHINESE-OCR,nlp-multi,"text_classification, text_detection, text_recognition",text,"vgg, CTPN, CRNN, End-to-End, LSTM, CTC, GRU",,
https://github.com/llSourcell/Make_Money_with_Tensorflow,unknown,unknown,unknown,"AVX, SSE",,
https://github.com/chuanqi305/MobileNetv2-SSDLite,cv,object_detection,"pascal VOC, COCO","SSD, MobileNet,",,
https://github.com/taki0112/MUNIT-Tensorflow,cv,image_translation,image,"LSGAN, GAN",,
https://github.com/tensorflow/moonlight,audio,music,"image, music",",",,
https://github.com/XanaduAI/pennylane,unknown,unknown,unknown,",",,
https://github.com/HiKapok/SSD.TensorFlow,cv,object_detection,"pascal VOC, COCO","SSD, YOLO, Faster-RCNN, vgg",,
https://github.com/pathak22/zeroshot-imitation,other,zero-shot visual lmitation,video,"AlexNet,",,
https://github.com/thulab/DeepHash,other,deep_hash,"image, COCO, ImageNet, Cifar10","DVSQ, DQN, DHN",,
https://github.com/dmlc/dgl,unknown,unknown,unknown,",",,
https://github.com/Liu-Yicheng/Fast-RCNN,cv,object_detection,"pascal VOC,","fast-rcnn,",,
https://github.com/luispedro/BuildingMachineLearningSystemsWithPython,unknown,unknown,unknown,",",,
https://github.com/Azure/kubeflow-labs,unknown,unknown,unknown,",",,
https://github.com/NVIDIA/DeepLearningExamples,unknown,unknown,unknown,",",,
https://github.com/autonomio/talos,unknown,unknown,unknown,",",,
https://github.com/Qidian213/deep_sort_yolov3,cv,object_tracking,"image, COCO","YOLO,",,
https://github.com/tomasz-oponowicz/spoken_language_identification,audio,speech_recognition,spoken language dataset,"CNN,",,
https://github.com/MillionIntegrals/vel,multi,"reinforcement learning, cv, nlp","text, image,","residual, LSTM, GRU, PPO, A2C, DDPG, TRPO, ACER, DQN",,
https://github.com/cheungdaven/DeepRec,nlp,recommender_systems,sequential data,",",,
https://github.com/Justin-Tan/generative-compression,cv,image_compression,"image,leftImg8bit","GAN, DCGAN",,
https://github.com/dinghanshen/SWEM,nlp-multi,representation_learning,"text, Yahoo, DBPedia, SNLI","SWEM,",,
https://github.com/tensorflow/compression,cv,image_compression,image,"End-to-End,",,
https://github.com/NervanaSystems/nlp-architect,nlp-multi,nlp,text,"BERT, End-to-End, GNMT, ABSA, NP2Vec",,
https://github.com/qfgaohao/pytorch-ssd,cv,object_detection,"image, OpenImages,","vgg, SSD, MobileNet",,
https://github.com/waleedka/hiddenlayer,unknown,unknown,unknown,",",,
https://github.com/ildoonet/deepface,cv-multi,"object_detection, object_recognition",image,"vgg, MobileNet, SSD, dlib",,
https://github.com/qubvel/classification_models,cv,image_classification,ImageNet,"vgg, inception, ResNet, DenseNet, SE-ResNet, Xception, NASNet, MobileNet",,
https://github.com/rubenvillegas/cvpr2018nkn,other,unsupervised_motion_retargetting,video,",",,
https://github.com/MaybeShewill-CV/lanenet-lane-detection,cv,object_detection,"image, Tusimple","LaneNet, CNN, vgg, FCN, End-to-End,",,
https://github.com/dongjun-Lee/text-summarization-tensorflow,nlp,text_summarization,text,"LSTM, seq2seq,",,
https://github.com/taki0112/Self-Attention-GAN-Tensorflow,cv,image_classification,"image, ImageNet, MNIST, Cifar10","SAGAN,",,
https://github.com/keras-team/keras-applications,multi,"object_detection, object_segmentation, sequene_learning, reinforcement_learning","image, ImageNet","VGG, ResNet, Inception, Xception, MobileNet, DenseNet, NASNet, EfficientNet",,
https://github.com/LoSealL/VideoSuperResolution,cv,super-resolution,"image, video,","SRCNN, RAISR, ESPCN, VDSR, DRCN, DRRN, LapSRN, EDSR",,
https://github.com/qubvel/segmentation_models,cv,image_segmentation,"image, CamVid","Unet, FPN, Linknet, PSPNet, Resnet, ResNext, EfficientNet, DenseNet",,
https://github.com/mlflow/mlflow,unknown,unknown,unknown,",",,
https://github.com/deepmind/scalable_agent,unknown,unknown,unknown,",",,
https://github.com/nyukat/breast_density_classifier,cv,image_classification,"image, L-CC, L-MLO, R-CC, R-MLO","CNN, density model",,
https://github.com/ChenglongChen/tensorflow-DSMM,nlp,question_answering,text,"CNN, DSSM, FastText, LSTM, GRU, BCNN, ESIM, SecAtt, FastText, TextCNN, TextRNN",,
https://github.com/DjangoPeng/tensorflow-in-depth,unknown,unknown,unknown,",",,
https://github.com/taki0112/StarGAN-Tensorflow,cv,image_generation,"image, celebA","StarGAN, GAN",,
https://github.com/idealo/image-quality-assessment,cv,image_generation,"image, AVA, TID2013","MobileNet,",,
https://github.com/IndicoDataSolutions/finetune,nlp-multi,nlp,text,"BERT, GPT, TextCNN, RoBERTa, TCN",,
https://github.com/MorvanZhou/Tensorflow-Computer-Vision-Tutorial,cv-multi,cv,image,"CNN, GoogLeNet, ResNet, LeNet,",,
https://github.com/uber/petastorm,unknown,unknown,unknown,",",,
https://github.com/EricZgw/PyramidBox,cv,object_detection,"image, WIDER FACE",",",,
https://github.com/akanimax/T2F,cv,image_generation,image,"GAN,",,
https://github.com/ahmetozlu/tensorflow_object_counting_api,cv,object_detection,image,"SSD, RCNN, MobileNet",,
https://github.com/buppt/ChineseNER,nlp,ner,"bosonnlp, MSRA",",",,
https://github.com/tensorflow/data-validation,unknown,unknown,unknown,",",,
https://github.com/crazydonkey200/neural-symbolic-machines,multi,"reinforcement learning, semantic_parsing",WikiTable,",",,
https://github.com/strubell/LISA,other,LISA,CoNLL-2005,",",,
https://github.com/supervisely/supervisely,unknown,unknown,unknown,"ResNet, rcnn, YOLO,",,
https://github.com/Mariewelt/OpenChem,multi,"classification, regression, multi-task","sequential data, graph","RNN, GCN",,
https://github.com/titu1994/keras-coordconv,other,classification,"image, Uniform dataset, Quadrant dataset",Coordinate Channel,,
https://github.com/KelvinZx/sfcn-opi,multi,"object_detection, classification","image, CRCHistoPhenotypes","FCN,",,
https://github.com/dongjun-Lee/text-classification-models-tf,nlp,text_classification,"text, DBPedia","CNN, rcnn, RNN, RNN, Bi-RNN, VDCNN",,
https://github.com/Microsoft/LQ-Nets,cv,image_classification,"image, ImageNet","ResNet, AlexNet, DenseNet, VGG, Lenet",,
https://github.com/yu4u/noise2noise,cv,image_denoising,"image, ImageNet","SRResNet, UNet, RED30",,
https://github.com/llSourcell/Machine-Learning-API-Tutorial,cv,image_generation,"image, Floyd Data",",",,
https://github.com/shaohua0116/Multiview2Novelview,other,multi-view synthesis,"image, HDF5","GAN, End-to-End, ShapeNet",,
https://github.com/thatbrguy/Pedestrian-Detection,cv,object_detection,"image, TownCentre","Fastere-RCNN, SSD, Inception, MobileNet",,
https://github.com/jiaruncao/Readers,nlp,reading comprehension,"text, Chinese College Exam",",",,
https://github.com/conan7882/adversarial-autoencoders-tf,cv,image_classification,"image, MNIST","VAE, GMM, AAE",,
https://github.com/kgrm/NALU,unknown,unknown,unknown,",",,
https://github.com/jsn5/dancenet,cv,image_generation,image,"LSTM, MDN, VA",,
https://github.com/hanxiao/tf-nlp-blocks,nlp-multi,nlp,text,",",,
https://github.com/IBM/AIF360,other,fairness_testing,unknown,",",,
https://github.com/tensorlayer/openpose-plus,cv,object_detection,"image, COCO","vgg,",,
https://github.com/RJT1990/mantra,unknown,unknown,unknown,",",,
https://github.com/ZFTurbo/Keras-RetinaNet-for-Open-Images-Challenge-2018,cv,image_classification,"image, OpenImages,","ResNet,",,
https://github.com/tensorflow/datasets,unknown,unknown,unknown,",",,
https://github.com/guillaumegenthial/tf_ner,nlp,ner,"text, CoNLL2003","End-to-End, Bi-LSTM, CNN, CRF",,
https://github.com/tensorflow/mesh,unknown,unknown,unknown,",",,
https://github.com/arogozhnikov/einops,unknown,unknown,unknown,",",,
https://github.com/Timthony/self_drive,cv,object_tracking,image,"End-to-End,",,
https://github.com/osforscience/TensorFlow-Course,unknown,unknown,unknown,"LSTM,",,
https://github.com/NVlabs/noise2noise,cv,image_denoising,"image, ImageNet, IXI-T1",",",,
https://github.com/blue-oil/blueoil,unknown,unknown,unknown,",",,
https://github.com/Separius/BERT-keras,other,transfer_learning,text,"BERT, BiLSTM,",,
https://github.com/vergeml/vergeml,unknown,unknown,unknown,",",,
https://github.com/terrytangyuan/tensorflow-in-practice-code,unknown,unknown,unknown,",",,
https://github.com/nickliqian/cnn_captcha,nlp,text_recognition,image,"CNN,",,
https://github.com/tensorflow/agents,unknown,unknown,unknown,"End-to-End,",,
https://github.com/macanv/BERT-BiLSTM-CRF-NER,nlp,ner,text,"BERT, BiLSTM, CRF",,
https://github.com/idealo/image-super-resolution,cv,super-resolution,image,"vgg, GAN, residual, RDN, PSNR, RRDN",,
https://github.com/tensorflow/ranking,nlp,recommender_systems,table,"MRR, NDCG",,
https://github.com/pymc-devs/pymc3,unknown,unknown,unknown,,,
https://github.com/scikit-multilearn/scikit-multilearn,other,classification,unknown,"SVM,",,
https://github.com/lazyprogrammer/machine_learning_examples,multi,"reinforcement_learning, nlp, recommender_systems","text, image","CNN, RNN, LSTM, HMM, GMM, GRU,",,
https://github.com/rasbt/mlxtend,unknown,unknown,unknown,",",,
https://github.com/saimadhu-polamuri/DataAspirant_codes,unknown,unknown,unknown,",",,
https://github.com/donnemartin/data-science-ipython-notebooks,unknown,unknown,unknown,",",,
https://github.com/jeongyoonlee/Kaggler,unknown,unknown,unknown,",",,
https://github.com/keras-team/keras,unknown,unknown,unknown,",",,
https://github.com/satojkovic/DeepLogo,cv,object_detection,image,"SSD,",,
https://github.com/darksigma/Fundamentals-of-Deep-Learning-Book,unknown,unknown,unknown,",",,
https://github.com/Sentimentron/Dracula,audio,speech_recognition,"text, GATE's TweetIE Evaluation Set","LSTM,",,
https://github.com/albertbup/deep-belief-network,multi,"regression, unsupervised_feature_learning",unknown,"RBM,",,
https://github.com/maxpumperla/elephas,unknown,unknown,unknown,",",,
https://github.com/anayebi/keras-extra,unknown,unknown,unknown,"CNN, RNN,",,
https://github.com/blackecho/Deep-Learning-TensorFlow,unknown,unknown,unknown,",",,
https://github.com/itdxer/neupy,unknown,unknown,unknown,",",,
https://github.com/geometalab/OSMDeepOD,cv,object_detection,image,"inception,",,
https://github.com/deepchem/deepchem,other,other,chem,",",,
https://github.com/stanfordnlp/spinn,other,other,unknown,"RNN,",,
https://github.com/dementrock/tensorfuse,unknown,unknown,unknown,",",,
https://github.com/stanfordnlp/stanza,nlp-multi,"text_analysis, text_processing",text,",",,
https://github.com/google/prettytensor,unknown,unknown,unknown,"inception,",,
https://github.com/farizrahman4u/seq2seq,nlp,machine_translation,text,"RNN, LSTM, seq2seq,",,
https://github.com/ethereon/caffe-tensorflow,unknown,unknown,"image, ILSVRC2012","GoogLeNet, ResNet,",,
https://github.com/ry/tensorflow-vgg16,cv,image_classification,image,"vgg,",,
https://github.com/tokestermw/tensorflow-shakespeare,nlp,machine_translation,text,",",,
https://github.com/tensorflow/skflow,unknown,unknown,unknown,"ResNet,",,
https://github.com/ilblackdragon/tf_examples,unknown,unknown,unknown,",",,
https://github.com/anishathalye/neural-style,cv,image_generation,image,"vgg,",,
https://github.com/jorditorresBCN/LibroTensorFlow,unknown,unknown,unknown,",",,
https://github.com/HamedMP/ImageFlow,unknown,unknown,unknown,",",,
https://github.com/woodrush/neural-art-tf,cv,image_generation,image,"CNN, vgg,",,
https://github.com/dennybritz/cnn-text-classification-tf,nlp,text_classification,text,"CNN,",,
https://github.com/jasonbaldridge/try-tf,unknown,unknown,unknown,",",,
https://github.com/sherjilozair/char-rnn-tensorflow,nlp-multi,nlp,text,"RNN, LSTM,",,
https://github.com/rinuboney/ladder,multi,"supervised_learning, unsupervised_learning",unknown,",",,
https://github.com/domluna/memn2n,nlp-multi,nlp,"text, Facebook bAbI","End-to-End,",,
https://github.com/pannous/tensorflow-speech-recognition,audio,speech_recognition,"audio, video","seq2seq,",,
https://github.com/allenai/deep_qa,nlp,question_answering,"text, SQuAD, Facebook bAbI, Facebook Children's dataset, AI2 Elementary school science questions, The NewsQA dataset, The Who Did What dataset","CNN,",,
https://github.com/hardmaru/write-rnn-tensorflow,cv,object_detection,"image, IAM-OnDB","RNN, LSTM, GRU,",,
https://github.com/calvinschmdt/EasyTensorflow,multi,"classification, regression, prediction",text,",",,
https://github.com/cmgreen210/TensorFlowDeepAutoencoder,cv,image_classification,MNIST,"DAE, SAE",,
https://github.com/ry/tensorflow-resnet,cv,image_classification,"image, audio, ImageNet, Cifar10, Cifar100","ResNet,",,
https://github.com/hadyelsahar/CNN-RelationExtraction,cv,feature_extraction,"image, MNIST","CNN,",,
https://github.com/ikostrikov/TensorFlow-VAE-GAN-DRAW,cv,image_generation,image,"VAE, DRAW, DCGAN, GAN",,
https://github.com/tensorpack/tensorpack,multi,"object_detection, speech_recognition","image, MNIST, COCO, ImageNet, Mozilla Common Voice, Google Audioset","CNN, ResNet, GAN, LSTM, DNQ, CTC",,
https://github.com/hardmaru/sketch-rnn,cv,image_generation,"image, KanjiVG, TU Berlin Sketch Database","RNN, LSTM, GRU,",,
https://github.com/eliben/deep-learning-samples,unknown,unknown,unknown,",",,
https://github.com/adatao/tensorspark,unknown,unknown,unknown,",",,
https://github.com/Vict0rSch/deep_learning,unknown,unknown,unknown,",",,
https://github.com/ikostrikov/TensorFlow-Pointer-Networks,unknown,unknown,unknown,",",,
https://github.com/tencia/stocks_rnn,prediction,prediction,sequential data,"RNN, LSTM,",,
https://github.com/GPflow/GPflow,unknown,unknown,unknown,",",,
https://github.com/yoavz/music_rnn,audio,music,MIDI,"RNN,",,
https://github.com/tensorflow/models,unknown,unknown,unknown,",",,
https://github.com/tensorprob/tensorprob,unknown,unknown,unknown,",",,
https://github.com/carpedm20/visual-analogy-tensorflow,other,analogy_making,image,"End-to-End,",,
https://github.com/davidsandberg/facenet,cv,object_detection,"image, CASIA-WebFace, VGGFace2","CNN, MTCNN, Inception, ResNet",,
https://github.com/ScottfreeLLC/AlphaPy,unknown,unknown,unknown,",",,
https://github.com/trailbehind/DeepOSM,cv,object_detection,"image, OSM","CNN,",,
https://github.com/niektemme/tensorflow-mnist-predict,cv,object_recognition,"image, MNIST",",",,
https://github.com/sthomp/tensorflow_transfer_cifar10,cv,image_classification,"image, Cifar10","CNN,",,
https://github.com/ericjang/draw,cv,image_generation,"image, MNIST","RNN,",,
https://github.com/yhlleo/tensorflow.cifar10,cv,object_recognition,"image, Cifar10",",",,
https://github.com/shekkizh/TensorflowProjects,cv-multi,"image_classification, object_recognition, object_detection, unsupervised_learning","image, MNIST, Flowers, CelebA","vgg, GAN,",,
https://github.com/vrenkens/tfkaldi,audio,speech_recognition,audio,"Kaldi, GMM",,
https://github.com/isseu/emotion-recognition-neural-networks,cv,object_recognition,"image, FER-2013 Faces Database","CNN, AlexNet,",,
https://github.com/riga/tfdeploy,unknown,unknown,unknown,",",,
https://github.com/mpatacchiola/deepgaze,cv-multi,"object_detection, objectz-tracking","image, text, Youtube","CNN, DNN,",,
https://github.com/indiejoseph/cnn-text-classification-tf-chinese,nlp,text_classification,text,"CNN,",,
https://github.com/gliese581gg/DQN_tensorflow,reinforcement learning,reinforcement_learning,openai-gym,"DNQ,",,
https://github.com/carpedm20/variational-text-tensorflow,nlp,text_processing,text,"LSTM, NVDM, NASM",,
https://github.com/nicholastoddsmith/pythonml,cv,object_recognition,image,"CNN, MLP, TFANN,",,
https://github.com/rajarsheem/libsdae-autoencoder-tensorflow,cv,feature_extraction,MNIST,",",,
https://github.com/philipxjm/Deep-Convolution-Stock-Technical-Analysis,prediction,prediction,sequential data,"CNN,",,
https://github.com/shyamupa/snli-entailment,nlp-multi,nlp,"text, SNLI",",",,
https://github.com/hardmaru/cppn-tensorflow,cv,image_generation,image,"CPPN,",,
https://github.com/daviddao/spatial-transformer-tensorflow,cv,image_classification,"image, MNIST","STN,",,
https://github.com/tflearn/tflearn,unknown,unknown,unknown,",",,
https://github.com/songgc/TF-recomm,nlp,recommender_systems,"table, MovieLens","SVD,",,
https://github.com/JamesChuanggg/VQA-tensorflow,nlp,question_answering,"image, VQA, COCO","CNN, LSTM,",,
https://github.com/coreylynch/async-rl,reinforcement learning,reinforcement_learning,openai-gym,",",,
https://github.com/stanfordmlgroup/nlc,other,nlc,text,",",,
https://github.com/jacoxu/encoder_decoder,other,encoder_decoder,text,"seq2seq,",,
https://github.com/douban/tfmesos,cv,image_classification,"image, MNIST, Google Audioset",",",,
https://github.com/pavelgonchar/colornet,cv,image_generation,image,",",,
https://github.com/y0ast/VAE-TensorFlow,cv,image_classification,"image, MNIST","VAE,",,
https://github.com/harpribot/deep-summarization,nlp,text_summarization,"text, Amazon Review","RNN, LSTM, GRU, seq2seq,",,
https://github.com/danielegrattarola/twitter-sentiment-cnn,nlp,sentiment_analysis,text,"CNN,",,
https://github.com/MarvinTeichmann/KittiSeg,cv,image_segmentation,"image, Kitti","FCN,",,
https://github.com/machine-learning-projects/machine-learning-recipes,unknown,unknown,unknown,",",,
https://github.com/inikdom/neural-chatbot,nlp,text_classification,"text, Cornell Movie Dialogues Corpur","seq2seq,",,
https://github.com/FuZer/StudyTensorFlow,unknown,unknown,unknown,",",,
https://github.com/dpressel/baseline,nlp-multi,nlp,"image, text",",",,
https://github.com/cmusphinx/g2p-seq2seq,nlp-multi,nlp,"text, CMU English dictionary","seq2seq, G2P",,
https://github.com/EdinburghNLP/nematus,nlp-multi,"machine_translation,",text,"RNN,",,
https://github.com/OlavHN/fast-neural-style,cv,image_generation,"image, COCO","vgg,",,
https://github.com/hunkim/word-rnn-tensorflow,nlp-multi,nlp,text,"RNN, LSTM,",,
https://github.com/matthewearl/deep-anpr,cv,object_recognition,image,"ANPR,",,
https://github.com/ahangchen/GDLnotes,unknown,unknown,unknown,",",,
https://github.com/llSourcell/AI_Composer,audio,music,"MIDI,","RNN, LSTM,",,
https://github.com/ofirnachum/sequence_gan,prediction,prediction,sequential data,"GAN, RNN,",,
https://github.com/garion9013/impl-pruning-TF,cv,image_classification,"image, MNIST","CNN,",,
https://github.com/floodsung/DDPG,reinforcement learning,reinforcement_learning,openai-gym,"DDPG,",,
https://github.com/devsisters/DQN-tensorflow,reinforcement learning,reinforcement_learning,openai-gym,",",,
https://github.com/osh/kerlym,reinforcement learning,reinforcement_learning,openai-gym,",",,
https://github.com/jorditorresBCN/FirstContactWithTensorFlow,unknown,unknown,unknown,",",,
https://github.com/lazyprogrammer/facial-expression-recognition,cv,object_recognition,image,",",,
https://github.com/MarvinTeichmann/tensorflow-fcn,nlp,semantic_segmentation,text,"FCN, vgg",,
https://github.com/tokb23/dqn,cv,object_detection,image,",",,
https://github.com/Cloud-CV/Fabrik,unknown,unknown,unknown,",",,
https://github.com/tensorflowkorea/tensorflow-kr,unknown,unknown,unknown,",",,
https://github.com/cgarciae/tensorbuilder,unknown,unknown,unknown,",",,
https://github.com/mosessoh/CNN-LSTM-Caption-Generator,cv,image_generation,"image, COCO","CNN, LSTM,",,
https://github.com/kundajelab/dragonn,prediction,prediction,DNA,"DragoNN,",,
https://github.com/kundajelab/dragonn,cv,image_classification,image,",",,
https://github.com/white127/QA-deep-learning,nlp,question_answering,"image, Quora, Insurance-QA","CNN, RNN, SWEM,",,
https://github.com/xeneta/LeadQualifier,prediction,prediction,text,"SGD,",,
https://github.com/tensorlayer/tensorlayer,unknown,unknown,unknown,",",,
https://github.com/kvfrans/feature-visualization,cv,image_classification,Cifar10,",",,
https://github.com/therne/dmn-tensorflow,nlp,question_answering,"text, Facebook bAbI, GloVe word embedding","DMN,",,
https://github.com/carpedm20/deep-rl-tensorflow,reinforcement learning,reinforcement_learning,openai-gym,"DNQ, DDNQ",,
https://github.com/ischlag/distributed-tensorflow-example,unknown,unknown,unknown,",",,
https://github.com/rwth-i6/returnn,unknown,unknown,unknown,"LSTM, CTC,",,
https://github.com/ufal/neuralmonkey,nlp-multi,nlp,text,",",,
https://github.com/tscohen/GrouPy,unknown,unknown,image,",",,
https://github.com/DeNeutoy/act-tensorflow,unknown,unknown,unknown,",",,
https://github.com/wookayin/tensorflow-talk-debugging,unknown,unknown,unknown,",",,
https://github.com/cchio/deep-pwning,unknown,unknown,unknown,"CNN, SVM, DNN,",,
https://github.com/sapruash/RecursiveNN,unknown,unknown,unknown,"LSTM,",,
https://github.com/snf/keras-fractalnet,cv,image_classification,"image, Cifar10","residual, FractalNet, UDNN",,
https://github.com/titu1994/Image-Super-Resolution,cv,super-resolution,image,"CNN, ResNet, residual, ESR, DAE, SRCNN, ESPCNN, DDSRCNN",,
https://github.com/chuyangliu/snake,reinforcement learning,reinforcement_learning,openai-gym,",",,
https://github.com/wiseodd/hipsternet,unknown,unknown,unknown,"CNN, RNN, LSTM, GRU,",,
https://github.com/tobegit3hub/tensorflow_examples,unknown,unknown,unknown,",",,
https://github.com/siyuanzhao/key-value-memory-networks,nlp,question_answering,"image, Facebook bAbI","MN,",,
https://github.com/keras-rl/keras-rl,reinforcement learning,reinforcement_learning,openai-gym,",",,
https://github.com/HadoopIt/rnn-nlu,nlp,text_classification,text,"RNN, LSTM, seq2seq,",,
https://github.com/jisaacso/DeepHeart,cv,image_classification,"image, PCG","CNN,",,
https://github.com/carpedm20/NAF-tensorflow,reinforcement learning,reinforcement_learning,openai-gym,",",,
https://github.com/Conchylicultor/DeepQA,nlp,question_answering,"Cornell Movie Dialogues Corpur, OpenSubtitles, Supreme Court Conversation Data, Ubuntu Dialogue Corpus","RNN, LSTM, seq2seq,",,
https://github.com/OlavHN/bnlstm,nlp-multi,nlp,text,"LSTM,",,
https://github.com/PacktPublishing/Getting-Started-with-TensorFlow,unknown,unknown,unknown,",",,
https://github.com/ronghanghu/tensorflow_compact_bilinear_pooling,unknown,unknown,unknown,",",,
https://github.com/yanpanlau/Keras-FlappyBird,reinforcement learning,reinforcement_learning,openai-gym,"DNQ,",,
https://github.com/tobegit3hub/tensorflow_template_application,unknown,unknown,unknown,"CNN, LSTM, DNN, GRU,",,
https://github.com/thu-ml/zhusuan,unknown,unknown,unknown,"VAE,",,
https://github.com/mlachmish/MusicGenreClassification,audio,music,"GTZAN, MSD","CNN, MFCC",,
https://github.com/LunaBlack/RNN-Classification,nlp,text_classification,text,"LSTM, GRU, Bi-LSTM",,
https://github.com/lengstrom/fast-style-transfer,cv,image_generation,"image, video,",",",,
https://github.com/yao62995/A3C,unknown,unknown,unknown,",",,
https://github.com/cerndb/dist-keras,unknown,unknown,unknown,",",,
https://github.com/pbhatia243/Neural_Conversation_Models,nlp,sequence_to_sequence,text,"seq2seq,",,
https://github.com/pbhatia243/tf-layer-norm,cv,image_classification,"text, MNIST","LSTM, GRU, HN",,
https://github.com/DrewNF/Tensorflow_Object_Tracking_Video,cv,object_tracking,"image, ImageNet","inception, YOLO, End-to-End,",,
https://github.com/ywpkwon/siamese_tf_mnist,cv,image_classification,"image, MNIST","Siamese Network,",,
https://github.com/DJTobias/Cherry-Autonomous-Racecar,unknown,unknown,unknown,",",,
https://github.com/keunwoochoi/music-auto_tagging-keras,audio,music,audio,"CNN,",,
https://github.com/iwyoo/LSTM-autoencoder,unknown,unknown,unknown,"LSTM,",,
https://github.com/ClimbsRocks/auto_ml,cv,feature_extraction,image,",",,
https://github.com/bamos/dcgan-completion.tensorflow,cv,image_generation,image,"DCGAN,",,
https://github.com/paarthneekhara/neural-vqa-tensorflow,nlp,question_answering,"text, image, VQA, COCO","LSTM, VIS",,
https://github.com/kengz/openai_lab,reinforcement learning,reinforcement_learning,openai-gym,"DQN, DDPG",,
https://github.com/MarvinTeichmann/KittiBox,cv,object_detection,"Kitti,","vgg, ResNet, faster-rcnn,",,
https://github.com/jakeret/tf_unet,cv,image_segmentation,image,",",,
https://github.com/dyelax/Adversarial_Video_Generation,prediction,prediction,"game, video, Ms. Pac-Man","GAN,",,
https://github.com/dlaptev/TI-pooling,cv,object_recognition,"image, MNIST","CNN,",,
https://github.com/thtrieu/darkflow,cv,object_detection,"pascal VOC, COCO","YOLO,",,
https://github.com/ycszen/TensorFlowLaboratory,unknown,unknown,unknown,",",,
https://github.com/aizvorski/vgg-benchmarks,unknown,unknown,unknown,"vgg,",,
https://github.com/llSourcell/tensorflow_demo,cv,object_recognition,"image, MNIST,",",",,
https://github.com/yscbm/tensorflow,cv,image_classification,"MNIST, Cifar10","Lenet, CNN",,
https://github.com/tonybeltramelli/Deep-Lyrics,nlp-multi,nlp,text,"LSTM, RNN",,
https://github.com/eBay/Sequence-Semantic-Embedding,nlp-multi,"question_answering, text_classification","text, COCO","LSTM, seq2seq, DNN, CNN, SSE",,
https://github.com/barronalex/Dynamic-Memory-Networks-in-TensorFlow,nlp,question_answering,Facebook bAbI,"DMN,",,
https://github.com/yeephycho/tensorflow_input_image_by_tfrecord,cv,image_classification,"image, MNIST, ImageNet, food101","CNN, DenseNet,",,
https://github.com/anttttti/Wordbatch,unknown,unknown,unknown,",",,
https://github.com/tdrussell/IllustrationGAN,cv,object_detection,image,"DCGAN,",,
https://github.com/dhwajraj/deep-text-classifier-mtl,nlp,text_classification,text,"CNN,",,
https://github.com/kuza55/keras-extras,unknown,unknown,unknown,",",,
https://github.com/HadoopIt/joint-slu-lm,nlp-multi,nlp,text,"RNN,",,
https://github.com/fabianbormann/Tensorflow-DeconvNet-Segmentation,nlp,semantic_segmentation,text,"Deconvolution Network,",,
https://github.com/buriburisuri/sugartensor,unknown,unknown,unknown,"residual,",,
https://github.com/smallcorgi/Faster-RCNN_TF,cv,object_detection,"pascal VOC,","rcnn, faster-rcnn,",,
https://github.com/YerevaNN/mimic3-benchmarks,prediction,prediction,"table, MIMIC-III clinical",,,
https://github.com/tdeboissiere/DeepLearningImplementations,unknown,unknown,unknown,",",,
https://github.com/basveeling/wavenet,audio,speech_recognition,VCTK,"WaveNet,",,
https://github.com/ibab/tensorflow-wavenet,audio,speech_recognition,VCTK,"WaveNet,",,
https://github.com/camrongodbout/TensorFlow-in-a-Nutshell,unknown,unknown,unknown,",",,
https://github.com/locuslab/icnn,reinforcement learning,reinforcement_learning,openai-gym,"ICNN,",,
https://github.com/bogatyy/cs224d,unknown,unknown,unknown,",",,
https://github.com/Atomu2014/product-nets,nlp,question_answering,"text, iPinYou","DNN,",,
https://github.com/dyelax/encore.ai,audio,music,audio,"LSTM,",,
https://github.com/kopopt/fast_tffm,prediction,prediction,table,DFM,,
https://github.com/cangermueller/deepcpg,prediction,prediction,DNA,",",,
https://github.com/tkuanlun350/Tensorflow-SegNet,cv,image_segmentation,CamVid,"SegNet,",,
https://github.com/Jongchan/tensorflow-vdsr,cv,super-resolution,image,"CNN,",,
https://github.com/farizrahman4u/recurrentshop,other,other,text,RNN,,
https://github.com/Coder-Yu/RecQ,nlp,recommender_systems,FilmTrust,",",,
https://github.com/GoogleCloudPlatform/cloudml-samples,unknown,unknown,unknown,",",,
https://github.com/DeepRNN/image_captioning,cv,image_captioning,"image, COCO","CNN, VGG, ResNet",,
https://github.com/karpathy/tf-agent,unknown,unknown,unknown,",",,
https://github.com/titu1994/Keras-Classification-Models,other,classification,"text, image, ImageNet, CIFAR-10","inception, ResNet, DenseNet, residual, RNN, LSTM, End-to-End,",,
https://github.com/SullyChen/Autopilot-TensorFlow,cv,object_detection,image,"End-to-End,",,
https://github.com/changun/CollMetric,unknown,unknown,unknown,",",,
https://github.com/LaurentMazare/deep-models,unknown,unknown,Cifar10,"DenseNet, ResNet",,
https://github.com/timediv/speechT,audio,speech_recognition,LibriSpeech,KenLM,,
https://github.com/jzilly/RecurrentHighwayNetworks,nlp,text_prediction,wikipedia,RHN,,
https://github.com/zsdonghao/Image-Captioning,cv,image_captioning,COCO,inception,,
https://github.com/qhduan/Seq2Seq_Chatbot_QA,nlp,sequence_to_sequence,text,,,
https://github.com/yanpanlau/DDPG-Keras-Torcs,reinforcement learning,reinforcement_learning,"openai-gym, TORCS",",",,
https://github.com/Arsey/keras-transfer-learning-for-oxford102,cv,image_classification,flower,"vgg, inception, resnet",,
https://github.com/titu1994/Super-Resolution-using-Generative-Adversarial-Networks,cv,super-resolution,"image, COCO",SRGAN,,
https://github.com/dmlc/tvm,unknown,unknown,unknown,,,
https://github.com/vonclites/squeezenet,unknown,unknown,unknown,",",,
https://github.com/junrushao1994/fast-neural-style.tf,cv,image_generation,image,",",,
https://github.com/surmenok/TextSum,nlp,text_summarization,text,",",,
https://github.com/cameronfabbri/Colorful-Image-Colorization,cv,image_generation,image,",",,
https://github.com/rcmalli/keras-vggface,cv,feature_extraction,image,"VGG,",,
https://github.com/igormq/asr-study,audio,speech_recognition,"CSLU Spoltech, sid, VoxForge, LapsBM1.4, BRSD","LSTM, CTC,",,
https://github.com/CharlesShang/TFFRCNN,cv,object_detection,"pascal VOC, Kitti","ResNet, rcnn, End-to-End, Faster R-CNN",,
https://github.com/aurora95/Keras-FCN,cv,semantic_segmentation,"pascal VOC, COCO","ResNet, FCN,",,
https://github.com/galeone/dynamic-training-bench,cv,image_classification,Cifar10,"vgg,",,
https://github.com/phreeza/tensorflow-vrnn,unknown,unknown,unknown,"vrnn,",,
https://github.com/jacobgil/keras-grad-cam,cv,object_detection,image,"vgg,",,
https://github.com/udacity/CarND-Alexnet-Feature-Extraction,cv,feature_extraction,image,"AlexNet,",,
https://github.com/ray-project/ray,unknown,unknown,unknown,",",,
https://github.com/rockingdingo/deepnlp,nlp,nlp,"text,",,,
https://github.com/TeamHG-Memex/tensorboard_logger,unknown,unknown,unknown,",",,
https://github.com/jiegzhan/multi-class-text-classification-cnn-rnn,nlp,text_classification,text,"CNN, RNN, LSTM, GRU,",,
https://github.com/jparkhill/TensorMol,prediction,prediction,"chem,",,,
https://github.com/jxwufan/AssociativeRetrieval,nlp,nlp,text,"LSTM,",,
https://github.com/jiegzhan/multi-class-text-classification-cnn,nlp,text_classification,text,"CNN,",,
https://github.com/Ning-Ding/Implementation-CVPR2015-CNN-for-ReID,cv,object_detection,image,"CUHK-03,",,
https://github.com/OlavHN/attention-over-attention,nlp,reading comprehension,cnn news,attention-over-attention NN,,
https://github.com/pannous/tensorflow-ocr,nlp,character_recognition,MNIST,",",,
https://github.com/chiphuyen/stanford-tensorflow-tutorials,unknown,unknown,unknown,",",,
https://github.com/atpaino/deep-text-corrector,nlp,text_correcting,Cornell Movie Dialogues Corpur,"seq2seq,",,
https://github.com/titu1994/DenseNet,cv,image_classification,"CIFAR10, CIFAR100",DenseNet,,
https://github.com/burness/tensorflow-101,multi,"character_recognition, image_generation","image, text, MNIST","CNN, GAN,",,
https://github.com/dpressel/rude-carnie,cv,object_detection,image,"openCV, YOLO,",,
https://github.com/tkipf/gcn,other,classification,matrix,"GCN,",,
https://github.com/raghakot/keras-vis,other,visualization,"ImageNet,",",",,
https://github.com/Chung-I/Variational-Recurrent-Autoencoder-Tensorflow,nlp,text_generation,text,"rnn,",,
https://github.com/zzw922cn/Automatic_Speech_Recognition,audio,speech_recognition,LibriSpeech,"CNN, residual, RNN, LSTM, CTC, End-to-End, GRU, seq2seq, DRN",,
https://github.com/ankeshanand/neural-cryptography-tensorflow,unknown,unknown,unknown,",",,
https://github.com/deepgram/kur,multi,"speech_recognition, image_classification","image, MNIST, CIFAR10","CNN,",,
https://github.com/dhwajraj/deep-siamese-text-similarity,nlp,nlp,SNLI,LSTM,,
https://github.com/anantzoid/Conditional-PixelCNN-decoder,cv,image_generation,"MNIST, CIFAR10",PixcelCNN,,
https://github.com/jimfleming/recurrent-entity-networks,nlp,ner,"text, Facebook bAbI","REN,",,
https://github.com/ckmarkoh/GAN-tensorflow,cv,image_generation,image,"GAN,",,
https://github.com/lvapeab/nmt-keras,nlp,machine_translation,text,NMT,,
https://github.com/yenchenlin/pix2pix-tensorflow,cv,image_generation,CMP Facades,"DCGAN,",,
https://github.com/guillaume-chevalier/HAR-stacked-residual-bidir-LSTMs,cv,object_recognition,"HAR, Opportunity","BiLSTM,",,
https://github.com/kentsommer/tensorflow-posenet,cv,object_localization,"image, Cambridge Landmarks King's College","PoseNet,",,
https://github.com/leido/char-rnn-cn,nlp,text_generation,text,Char-rnn,,
https://github.com/andrewliao11/CoGAN-tensorflow,cv,image_generation,"image, MNIST","GAN,",,
https://github.com/marshmelloX/dynamic-coattention-network,nlp,question_answering,SQuAD,"DCN,",,
https://github.com/DrSleep/tensorflow-deeplab-lfov,cv,semantic_segmentation,pascal VOC,"VGG,",,
https://github.com/hahnyuan/nn_tools,unknown,unknown,unknown,,,
https://github.com/llSourcell/tensorflow_chatbot,nlp,sequence_to_sequence,Cornell Movie Dialogues Corpur,"seq2seq,",,
https://github.com/tobegit3hub/deep_image_model,cv,cv,image,"CNN, RNN, LSTM,",,
https://github.com/TensorLab/tensorfx,unknown,unknown,unknown,",",,
https://github.com/openai/weightnorm,cv,cv,CIFAR10,PixcelCNN,,
https://github.com/hengluchang/deep-news-summarization,nlp,text_summarization,text,"LSTM, seq2seq,",,
https://github.com/ssampang/im2latex,cv,image_generation,image,"LSTM,",,
https://github.com/deepmind/learning-to-learn,unknown,unknown,unknown,",",,
https://github.com/bnpy/bnpy,unknown,unknown,unknown,"DAE,",,
https://github.com/philipperemy/tensorflow-phased-lstm,unknown,unknown,"text, MNIST","LSTM,",,
https://github.com/wiseodd/generative-models,multi,unknown,unknown,"GAN, VAE, RBM,",,
https://github.com/BichenWuUCB/squeezeDet,cv,object_detection,Kitti,"CNN,",,
https://github.com/vrenkens/nabu,unknown,unknown,unknown,"Kaldi, End-to-End,",,
https://github.com/llSourcell/tensorflow_speech_recognition_demo,audio,speech_recognition,audio,,,
https://github.com/icoxfog417/tensorflow_qrnn,nlp,nlp,text,QRNN,,
https://github.com/keon/deepstock,prediction,prediction,sequential data,",",,
https://github.com/vanhooser/TF-Genetic,unknown,unknown,unknown,",",,
https://github.com/zhangqianhui/Conditional-GAN,cv,image_generation,"image, MNIST","DCGAN,",,
https://github.com/keunwoochoi/kapre,audio,audio_perprocess,audio,,,
https://github.com/bstriner/keras-adversarial,cv,image_generation,"image, MNIST","GAN, BiGAN, AAE",,
https://github.com/hzy46/fast-neural-style-tensorflow,cv,super-resolution,COCO,VGG,,
https://github.com/alfredfrancis/ai-chatbot-framework,nlp,sequence_to_sequence,text,",",,
https://github.com/warmspringwinds/tf-image-segmentation,cv,image_segmentation,pascal VOC,FCN,,
https://github.com/albertaparicio/tfg-voice-conversion,audio,speech_recognition,audio,,,
https://github.com/marekrei/sequence-labeler,multi-nlp,nlp,text,"LSTM, Bi-LSTM,",,
https://github.com/golbin/TensorFlow-ML-Exercises,multi,unknown,unknown,"CNN, RNN,",,
https://github.com/shawnxu1318/Google-Neural-Machine-Translation-GNMT,nlp,machine_translation,text,GNMT,,
https://github.com/harvitronix/continuous-online-video-classification-blog,cv,image_classification,video,"CNN, inception, RNN, LSTM,",,
https://github.com/polyaxon/polyaxon,multi,unknown,unknown,",",,
https://github.com/iamaaditya/image-compression-cnn,cv,image_compression,image,"CNN, vgg",,
https://github.com/carpedm20/simulated-unsupervised-tensorflow,multi,image_generation,image,",",,
https://github.com/ShafeenTejani/fast-style-transfer,cv,image_generation,"image, COCO","vgg,",,
https://github.com/DingKe/nn_playground,multi,unknown,unknown,"GAN, VAE, GCNN, QRNN, WGAN, LSGAN, GLSGAN",,
https://github.com/kevinhughes27/TensorKart,cv,object_tracking,video,",",,
https://github.com/kevinjliang/tf-Faster-RCNN,cv,object_detection,MNIST,faster-rcnn,,
https://github.com/yunjey/domain-transfer-network,cv,image_generation,"image, MNIST","DTN,",,
https://github.com/zhongwen/predictron,audio,unknown,unknown,"End-to-End,",,
https://github.com/DrSleep/tensorflow-deeplab-resnet,cv,semantic_segmentation,pascal VOC,"ResNet,",,
https://github.com/Kyubyong/neural_japanese_transliterator,nlp,machine_translation,text,"seq2seq,",,
https://github.com/ayush1997/Xvision,cv,image_classification,Xray,,,
https://github.com/floydhub/dockerfiles,multi-nlp,nlp,text,",",,
https://github.com/csxeba/brainforge,unknown,unknown,unknown,,,
https://github.com/pender/chatbot-rnn,nlp,sequence_to_sequence,text,",",,
https://github.com/matroid/dlwithtf,unknown,unknown,unknown,",",,
https://github.com/PetroWu/AutoPortraitMatting,cv,image_segmentation,image,"vgg, FCN",,
https://github.com/roatienza/Deep-Learning-Experiments,multi,unknown,"image, text, MNIST","CNN, ResNet, DenseNet, GAN, VAE, LSTM, GRU,",,
https://github.com/TensorMSA/tensormsa,unknown,unknown,unknown,",",,
https://github.com/hmishra2250/NTM-One-Shot-TF,other,one-shot_learning,Omniglot,"MANN,",,
https://github.com/Ankush96/grad-cam.tensorflow,other,visualization,"ImageNet,","vgg,",,
https://github.com/getnamo/tensorflow-ue4-examples,unknown,unknown,unknown,"CNN,",,
https://github.com/naokishibuya/car-behavioral-cloning,cv,object_tracking,video,"End-to-End,",,
https://github.com/calclavia/DeepJ,audio,music,audio,LSTM,,
https://github.com/devsisters/pointer-network-tensorflow,unknown,unknown,unknown,Pointer Network,,
https://github.com/AKSHAYUBHAT/DeepVideoAnalytics,cv,object_detection,image,",",,
https://github.com/DeepVisionTeam/TensorFlowBook,unknown,unknown,unknown,,,
https://github.com/dontfollowmeimcrazy/imagenet,cv,image_classification,"image, ImageNet","AlexNet,",,
https://github.com/tensorflow/fold,unknown,unknown,unknown,",",,
https://github.com/tensorlang/tensorlang,unknown,unknown,unknown,"End-to-End,",,
https://github.com/kentsommer/keras-inceptionV4,implementation,implementation,"image,",inception,,
https://github.com/Bihaqo/t3f,unknown,unknown,unknown,,,
https://github.com/yahoo/TensorFlowOnSpark,unknown,unknown,unknown,",",,
https://github.com/ematvey/hierarchical-attention-networks,nlp,text_classification,Yelp,"HAN,",,
https://github.com/PacktPublishing/Artificial-Intelligence-with-Python,unknown,unknown,unknown,",",,
https://github.com/georgesung/ssd_tensorflow_traffic_sign_detection,cv,object_detection,pascal VOC,,,
https://github.com/endernewton/tf-faster-rcnn,cv,object_detection,"pascal VOC, COCO","ResNet, rcnn, vgg, mobilenet",,
https://github.com/yrlu/reinforcement_learning,reinforcement learning,reinforcement_learning,openai-gym,",",,
https://github.com/keras-team/keras-contrib,unknown,unknown,unknown,,,
https://github.com/hclhkbu/dlbench,unknown,unknown,unknown,",",,
https://github.com/shanren7/real_time_face_recognition,cv,object_detection,"image,video","MTCNN,",,
https://github.com/asanakoy/deeppose_tf,cv,object_detection,"LSP, MPII Human Pose","AlexNet,",,
https://github.com/zjy-ucas/ChineseNER,nlp,ner,text,"LSTM, End-to-End,",,
https://github.com/jiamings/wgan,implementation,implementation,MNIST,"GAN,",,
https://github.com/azavea/raster-vision,multi-cv,"object_detection, semantic_segmentation, image_classification",image,",",,
https://github.com/kvfrans/deepcolor,cv,image_generation,image,,,
https://github.com/suriyadeepan/rnn-from-scratch,nlp,nlp,text,"RNN, LSTM, GRU,",,
https://github.com/keon/deep-q-learning,reinforcement learning,reinforcement_learning,openai-gym,",",,
https://github.com/tperol/ConvNetQuake,prediction,prediction,table,",",,
https://github.com/data61/aboleth,unknown,unknown,unknown,",",,
https://github.com/oarriaga/face_classification,multi-cv,"object_detection, image_classification","fer2013, IMDB gender","CNN,",,
https://github.com/joeddav/devol,multi,classification,MNIST,",",,
https://github.com/mjdietzx/GAN-Sandbox,implementation,implementation,unknown,"GAN,",,
https://github.com/shekkizh/WassersteinGAN.tensorflow,implementation,implementation,image,"GAN,",,
https://github.com/chainer/chainercv,multi-cv,"image_classification, object_detection, semantic_segmentation, instance_segmentation","image,","faster-RCNN, YOLO, SSD,",,
https://github.com/PacktPublishing/TensorFlow-Machine-Learning-Cookbook,unknown,unknown,unknown,"CNN, RNN,",,
https://github.com/allanzelener/YAD2K,cv,object_detection,image,"YOLO,",,
https://github.com/martin-gorner/tensorflow-rnn-shakespeare,implementation,implementation,unknown,"RNN,",,
https://github.com/deeperic/SpikeFlow,nlp,character_recognition,"image,",",",,
https://github.com/visipedia/tf_classification,cv,image_classification,image,"inception, ResNet, MobileNet",,
https://github.com/mckinziebrandon/DeepChatModels,nlp,sequence_to_sequence,"Cornell Movie Dialogues Corpur, Reddit, Ubantu Dialogue Corpus",,,
https://github.com/tryolabs/luminoth,cv,object_detection,image,"SSD, Faster-RCNN",,
https://github.com/hwalsuklee/tensorflow-fast-style-transfer,cv,image_generation,COCO,"vgg,",,
https://github.com/meereeum/lda2vec-tf,implementation,implementation,unknown,",",,
https://github.com/LouisScorpio/datamining,unknown,unknown,unknown,",",,
https://github.com/JihongJu/keras-fcn,implementation,implementation,pascal VOC,"FCN, vgg",,
https://github.com/zizhaozhang/unet-tensorflow-keras,cv,image_segmentation,image,",",,
https://github.com/oujago/NumpyDL,multi,"text_classification, object_recognition",MNIST,"CNN, RNN, LSTM, GRU, seq2seq,",,
https://github.com/apachecn/AiLearning,multi,unknown,unknown,"CNN, HMM, Bi-LSTM,",,
https://github.com/xdever/RFCN-tensorflow,cv,object_detection,"COCO,","RFCN,",,
https://github.com/thunlp/OpenNRE,nlp,ner,text,",",,
https://github.com/Yorko/mlcourse.ai,multi,unknown,unknown,",",,
https://github.com/ilivans/tf-rnn-attention,multi-nlp,"text_classification, sentiment_analysis",text,",",,
https://github.com/RandolphVI/Text-Pairs-Relation-Classification,nlp,text_classification,text,"TextCNN, TextRNN, FastText, LSTM, TextCRNN, TextANN, TextRCNN, TextHAN, TextSANN, TextABCNN",,
https://github.com/PiSimo/PiCamNN,cv,object_recognition,image,"YOLO,",,
https://github.com/jfkirk/tensorrec,nlp,recommender_systems,unknown,",",,
https://github.com/jostmey/rwa,prediction,prediction,sequential data,"RNN, RWA,",,
https://github.com/google/seq2seq,nlp,machine_translation,"text,","seq2seq,",,
https://github.com/skcript/tensorflow-resources,unknown,unknown,unknown,",",,
https://github.com/wangheda/youtube-8m,cv,video_understanding,Youtube-8M,",",,
https://github.com/huangshiyu13/RPNplus,cv,object_detection,"image, Precarious, Synthetic, MIKKI","RPN, vgg",,
https://github.com/MateLabs/All-Conv-Keras,implementation,implementation,Cifar10,",",,
https://github.com/nl8590687/ASRT_SpeechRecognition,audio,speech_recognition,"Thchs30, ST-CMDS","CNN, CTC, LSTM, GRU",,
https://github.com/Franck-Dernoncourt/NeuroNER,nlp,ner,"text, CoNLL2003",",",,
https://github.com/santi-pdp/segan,audio,speech_enhancement,audio,"GAN, DCGAN",,
https://github.com/liuyuemaicha/Adversarial-Learning-for-Neural-Dialogue-Generation-in-Tensorflow,nlp,"reinforcement learning, dialogue_generation",text,,,
https://github.com/liuyuemaicha/Deep-Reinforcement-Learning-for-Dialogue-Generation-in-tensorflow,nlp,"reinforcement learning, dialogue_generation",text,,,
https://github.com/luyishisi/tensorflow,multi,"character_recognition, text_classification, text_generation, object_detection","image, text","CNN, RNN",,
https://github.com/jhetherly/EnglishSpeechUpsampler,cv,super-resolution,"audio, TED","U-Net,",,
https://github.com/yunjey/pytorch-tutorial,unknown,unknown,unknown,,,
https://github.com/ruiminshen/yolo-tf,cv,object_detection,"pascal VOC, COCO","YOLO,",,
https://github.com/kuleshov/audio-super-res,cv,super-resolution,vctk speech,",",,
https://github.com/bgavran/DNC,implementation,implementation,Facebook bAbI,DNC,,
https://github.com/analysiscenter/batchflow,unknown,unknown,unknown,,,
https://github.com/galsang/ABCNN,implementation,implementation,wikiQA,"BCNN, ABCNN",,
https://github.com/lopuhin/kaggle-dstl,cv,object_detection,image,"CNN, U-Net, vgg, SegNet, DenseNet",,
https://github.com/jaesik817/pathnet,implementation,implementation,"MNIST, Cifar10, svhn",,,
https://github.com/reinforceio/tensorforce,reinforcement learning,reinforcement_learning,Openai-gym,",",,
https://github.com/drscotthawley/panotti,audio,audio_classification,IDMT-SMT-Audio-Effects,CNN,,
https://github.com/hwalsuklee/tensorflow-mnist-VAE,implementation,implementation,MNIST,"VAE,",,
https://github.com/divamgupta/image-segmentation-keras,implementation,implementation,"image, MNIST","SegNet, FCN, U-Net, PSPNet",,
https://github.com/JunshengFu/vehicle-detection,cv,object_detection,video,"YOLO, SVM,",,
https://github.com/InFoCusp/tf_cnnvis,other,visualization,image,CNN,,
https://github.com/voicy-ai/DialogStateTracking,nlp,dialogue_generation,Facebook bAbI,"End-to-End,",,
https://github.com/carlini/nn_robust_attacks,other,robust_attacks,unknown,",",,
https://github.com/astorfi/TensorFlow-World,unknown,unknown,unknown,,,
https://github.com/CharlesShang/FastMaskRCNN,cv,object_detection,"image, COCO","ResNet,",,
https://github.com/wookayin/tensorflow-plot,other,visualization,image,,,
https://github.com/JiaxuanYou/crop_yield_prediction,prediction,prediction,image,",",,
https://github.com/baldassarreFe/deep-koalarization,cv,image_generation,ImageNet,"Inception, ResNet",,
https://github.com/deepmind/dnc,implementation,implementation,unknown,DNC,,
https://github.com/ilovin/lstm_ctc_ocr,cv,character_recognition,image,"LSTM, CTC,",,
https://github.com/kootenpv/neural_complete,reinforcement learning,other,text,"LSTM,",,
https://github.com/pierluigiferrari/ssd_keras,cv,object_detection,pascal VOC,"SSD,",,
https://github.com/deepmind/sonnet,unknown,unknown,unknown,"GAN,",,
https://github.com/FudanNLP/nlpcc2017_news_headline_categorization,nlp,text_classification,text,,,
https://github.com/timestocome/Test-stock-prediction-algorithms,prediction,prediction,sequential data,NASDAQ Evolved Network,,
https://github.com/artcg/BEGAN,implementation,implementation,CelebA,"GAN,",,
https://github.com/duxingren14/DualGAN,cv,image_translation,image,DualGAN,,
https://github.com/hardikbansal/CycleGAN,cv,image_translation,horse2zebra,CycleGAN,,
https://github.com/vanhuyz/CycleGAN-TensorFlow,cv,image_translation,apple2orange,CycleGAN,,
https://github.com/hjptriplebee/AlexNet_with_tensorflow,cv,detailed_explanation,image,"AlexNet,",,
https://github.com/takerum/vat_tf,other,semi-supervised_learning,"SVHN, CIFAR10",",",,
https://github.com/hjptriplebee/VGG19_with_tensorflow,cv,detailed_explanation,image,VGG,,
https://github.com/pmsosa/CS291K,nlp,sentiment_analysis,text,"CNN, LSTM,",,
https://github.com/una-dinosauria/human-motion-prediction,cv,pose_estimation,human3.6m,RNN,,
https://github.com/xhujoy/CycleGAN-tensorflow,cv,image_translation,"horse2zebra, ImageNet",CycleGAN,,
https://github.com/barronalex/Tacotron,implementation,implementation,CMU ARCTIC,"End-to-End, Tacotron,",,
https://github.com/rcmalli/keras-mobilenet,implementation,implementation,unknown,MobileNet,,
https://github.com/Zehaos/MobileNet,cv,"implementation, object_detection",ImageNet,MobileNet,,
https://github.com/hwalsuklee/tensorflow-mnist-CVAE,implementation,implementation,MNIST,"CVAE,",,
https://github.com/PaddlePaddle/models,multi,"image_classification, object_detection, semantic_segmentation, image_generation, object_localization, machine_translation, sentiment_analysis, reading_comprehension","text, image",,,
https://github.com/una-dinosauria/3d-pose-baseline,cv,pose_estimation,human3.6m,,,
https://github.com/juliandewit/kaggle_ndsb2017,unknown,unknown,unknown,",",,
https://github.com/PacktPublishing/Deep-Learning-with-TensorFlow,unknown,unknown,unknown,",",,
https://github.com/DT42/BerryNet,unknown,unknown,unknown,,,
https://github.com/llSourcell/how_to_convert_text_to_images,other,image_generation,"text, image, CUB,",StackGAN,,
https://github.com/mrlittlepig/ImageProcessing,other,data_preprocessing,MNIST,,,
https://github.com/13o-bbr-bbq/machine_learning_security,unknown,unknown,unknown,,,
https://github.com/DLTK/DLTK,multi-cv,cv,image,,,
https://github.com/marian-margeta/gait-recognition,cv,pose_estimation,"MPII, LSP, human3.6m",GRU,,
https://github.com/seathiefwang/FaceRecognition-tensorflow,cv,object_recognition,image,",",,
https://github.com/pucktada/cutkum,cv,semantic_segmentation,BEST2010,"RNN, LSTM,",,
https://github.com/sourcedexter/tfClassifier,multi,classification,"text, image",",",,
https://github.com/solivr/tf-crnn,cv,object_recognition,IAM,CRNN,,
https://github.com/llSourcell/How-to-Learn-from-Little-Data,cv,image_classification,Omniglot,",",,
https://github.com/kwotsin/TensorFlow-Xception,implementation,implementation,image,Xception,,
https://github.com/MorvanZhou/Tensorflow-Tutorial,unknown,unknown,unknown,,,
https://github.com/tensorflow/tensorboard,other,visualization,unknown,",",,
https://github.com/Kyubyong/tacotron,audio,speech_synthesis,"LJ Speech,","End-to-End, Tacotron,",,
https://github.com/liu-nlper/DocumentClassification,nlp,text_classification,text,"CNN,",,
https://github.com/krystianity/keras-serving,unknown,unknown,unknown,,,
https://github.com/wenwei202/terngrad,unknown,unknown,"MNIST, ImageNet, CIFAR10,","CNN, inception, AlexNet, SSD, LeNet,",,
https://github.com/marvis/pytorch-caffe-darknet-convert,unknown,unknown,unknown,"YOLO,",,
https://github.com/mondejar/ecg-classification,other,classification,"MIT-BIH, MIT-Arrythmia, Incart","SVM,",,
https://github.com/ncoudray/DeepPATH,cv,image_classification,image,,,
https://github.com/hirofumi0810/tensorflow_end2end_speech_recognition,audio,speech_recognition,"TIMIT, LibriSpeech, CSJ","vgg, LSTM, CTC, GRU, BiLSTM, BGRU",,
https://github.com/PeptoneInc/dspp-keras,prediction,prediction,dspp,,,
https://github.com/sanghoon/tf-exercise-gan,implementation,implementation,"MNIST, CelebA","GAN,",,
https://github.com/AntreasAntoniou/MatchingNetworks,implementation,implementation,omniglot,",",,
https://github.com/Belval/CRNN,cv,character_recognition,image,CRNN,,
https://github.com/ArunMichaelDsouza/tensorflow-image-detection,cv,object_detection,image,"inception,",,
https://github.com/kozistr/Awesome-GANs,implementation,implementation,"CelebA, DIV2K, MNIST, ImageNet, CIFAR10, pix2pix","GAN, ACGAN, BGAN, CycleGAN, FGAN, BigGAN, 3DGAN, AnoGAN, AdaGAN, DCGAN, DRAGAN, FGAN",,
https://github.com/LopezGG/NN_NER_tensorFlow,other,sequence_labeling,text,"End-to-End, LSTM, CNN, CRF",,
https://github.com/llSourcell/How-to-Deploy-a-Tensorflow-Model-in-Production,unknown,unknown,unknown,,,
https://github.com/JayParks/tf-seq2seq,multi-nlp,"machine_translation, sequence_to_sequence,",text,"LSTM, seq2seq,",,
https://github.com/brightmart/text_classification,nlp,text_classification,"text,","TextCNN, rcnn, residual, RNN, FastText, BERT, BiLSTM, TextRNN, seq2seq, attention, HAN",,
https://github.com/mdietrichstein/tensorflow-open_nsfw,implementation,implementation,Yahoo,NSFW,,
https://github.com/databricks/spark-deep-learning,unknown,unknown,unknown,,,
https://github.com/jiamings/cramer-gan,implementation,implementation,MNIST,"GAN,",,
https://github.com/greatgeekgrace/Technical-Analysis-And-Practice-in-TensorFlow,unknown,unknown,unknown,",",,
https://github.com/weinman/cnn_lstm_ctc_ocr,cv,character_recognition,image,"CNN, vgg, BiLSTM, CTC,",,
https://github.com/wuzheng-sjtu/FastFPN,cv,object_detection,image,",",,
https://github.com/renmengye/tensorflow-forward-ad,unknown,unknown,unknown,",",,
https://github.com/kwotsin/TensorFlow-ENet,cv,semantic_segmentation,image,"ENet,",,
https://github.com/llSourcell/how_to_deploy_a_keras_model_to_production,unknown,unknown,unknown,",",,
https://github.com/antoine77340/Youtube-8M-WILLOW,unknown,unknown,Youtube-8M,,,
https://github.com/maxim5/time-series-machine-learning,prediction,prediction,sequential data,,,
https://github.com/Leavingseason/OpenLearning4DeepRecsys,nlp,recommender_systems,text,,,
https://github.com/ne7ermore/torch-light,multi,"reinforcement_learning, nlp, cv",unknown,"CNN, DenseNet, GAN, RNN, BERT, LSTM, seq2seq, BiLSTM,",,
https://github.com/vudung45/FaceRec,cv,object_recognition,video,"inception, ResNet, MTCNN,",,
https://github.com/src-d/ml,unknown,unknown,unknown,",",,
https://github.com/titu1994/MobileNetworks,multi-cv,"image_classification, object_detection, object_recognition",ImageNet,MobileNet,,
https://github.com/jiny2001/dcscn-super-resolution,cv,super-resolution,image,DCSCN,,
https://github.com/bshao001/ChatLearner,nlp,sequence_to_sequence,Papaya,"nmt, seq2seq,",,
https://github.com/bethgelab/foolbox,adversarial_attacks,adversarial_attacks,unknown,"FGSM, PGD, L-BFGS, JSMA, DDN",,
https://github.com/Vetal1977/tf_serving_example,unknown,unknown,unknown,"GAN,",,
https://github.com/tensorflow/tensor2tensor,multi,"question_answering, machine_translation, image_classification, image_generation, sentiment_analysis, speech_recognition, text_summarization","text, image, audio, MNIST, ImageNet, CIFAR10, Facebook bAbI, IMDB, Mozilla Common Voice, LibriSpeech, T2T, PTB, LM1B, coco, celebA",,,
https://github.com/hankcs/CS224n,multi-nlp,"sentiment_analysis,ner",text,,,
https://github.com/Kyubyong/transformer,nlp,machine_translation,text,"attention,",,
https://github.com/apcode/tensorflow_fasttext,nlp,text_classification,text,"FastText,",,
https://github.com/gitlimlab/Relation-Network-Tensorflow,other,relational_reasoning,VQA,Relational Network,,
https://github.com/astorfi/3D-convolutional-speaker-recognition,audio,speech_recognition,audio,"3D-CNN,",,
https://github.com/datitran/object_detector_app,cv,object_recognition,image,",",,
https://github.com/andreiapostoae/dota2-predictor,prediction,prediction,video,",",,
https://github.com/THUNLP-MT/THUMT,nlp,machine_translation,text,"RNN, seq2seq,",,
https://github.com/tkipf/gae,implementation,implementation,matrix,GCN,,
https://github.com/dgurkaynak/tensorflow-cnn-finetune,cv,image_classification,MARVEL,"inception, AlexNet, ResNet, vgg",,
https://github.com/tobyyouup/conv_seq2seq,nlp,sequence_to_sequence,text,"seq2seq,",,
https://github.com/andabi/music-source-separation,audio,music_separation,audio,"RNN,",,
https://github.com/habrman/FaceRecognition,cv,object_recognition,image,"inception, ResNet,",,
https://github.com/sony/nnabla,unknown,unknown,unknown,",",,
https://github.com/jaesik817/Interaction-networks_tensorflow,other,relational_reasoning,physics_engines,",",,
https://github.com/ankonzoid/artificio,multi-cv,cv,,",",,
https://github.com/MadryLab/mnist_challenge,adversarial_attacks,adversarial_attacks,MNIST,",",,
https://github.com/tensorflow/nmt,nlp,machine_translation,text,"RNN, LSTM, GRU, seq2seq,",,
https://github.com/Grzego/handwriting-generation,cv,character_recognition,image,",",,
https://github.com/yscacaca/DeepSense,unknown,unknown,HHAR,",",,
https://github.com/MurtyShikhar/Question-Answering,nlp,question_answering,SQuAD,LSTM,,
https://github.com/jaesik817/visual-interaction-networks_tensorflow,other,relational_reasoning,physics_engines,,,
https://github.com/liu-nlper/NER-LSTM-CRF,nlp,ner,text,"Bi-LSTM, CRF",,
https://github.com/snowkylin/ntm,implementation,implementation,omniglot,"NTM, LSTM, MANN",,
https://github.com/keithito/tacotron,audio,speech_synthesis,"LJ Speech,",Tacotron,,
https://github.com/xwhan/DeepPath,reinforcement learning,reinforcement_learning,"graph, NELL-995 FB15k-237",",",,
https://github.com/imatge-upc/skiprnn-2017-telecombcn,implementation,implementation,unknown,"RNN,",,
https://github.com/eriklindernoren/Keras-GAN,implementation,implementation,unknown,"GAN,",,
https://github.com/idiap/importance-sampling,unknown,unknown,MNIST,,,
https://github.com/TarrySingh/Artificial-Intelligence-Deep-Learning-Machine-Learning-Tutorials,unknown,unknown,unknown,",",,
https://github.com/xionghc/Facial-Expression-Recognition,cv,object_recognition,fer2013,",",,
https://github.com/ppplinday/tensorflow-vgg16-train-and-test,cv,image_classification,image,vgg,,
https://github.com/OpenMined/PySyft,unknown,unknown,unknown,,,
https://github.com/arashno/tensorflow_multigpu_imagenet,cv,image_classification,ImageNet,"vgg, AlexNet, GoogLeNet, ResNet, DenseNet, NIN,",,
https://github.com/znxlwm/tensorflow-MNIST-GAN-DCGAN,implementation,implementation,MNIST,"GAN, DCGAN",,
https://github.com/Zardinality/TF_Deformable_Net,cv,object_detection,image,Faster-RCNN,,
https://github.com/SparkSharly/DL_for_xss,cv,object_detection,image,"xss,",,
https://github.com/emedvedev/attention-ocr,cv,character_recognition,image,"CNN, LSTM,",,
https://github.com/persistforever/cifar10-tensorflow,cv,image_classification,cifar10,,,
https://github.com/flomlo/ntm_keras,implementation,implementation,unknown,,,
https://github.com/yuyang-huang/keras-inception-resnet-v2,implementation,implementation,ImageNet,"Inception, ResNet",,
https://github.com/peterlee0127/tensorflow-nvJetson,unknown,unknown,unknown,",",,
https://github.com/Bartzi/stn-ocr,cv,character_recognition,"SVHN, FSNS",,,
https://github.com/TracyMcgrady6/Distribute_MNIST,cv,character_recognition,MNIST,",",,
https://github.com/sadeepj/crfasrnn_keras,cv,semantic_segmentation,image,"CRF, RNN",,
https://github.com/fendouai/FaceRank,cv,object_recognition,image,"CNN,",,
https://github.com/fregu856/segmentation,cv,semantic_segmentation,video,"ENet,",,
https://github.com/Joker316701882/Deep-Image-Matting,implementation,implementation,image,",",,
https://github.com/abhishekrana/DeepFashion,cv,object_detection,DeepFashion,vgg,,
https://github.com/fendouai/ChatGirl,nlp,sequence_to_sequence,text,"seq2seq,",,
https://github.com/hexiangnan/attentional_factorization_machine,nlp,recommender_systems,MovieLens,",",,
https://github.com/BIGBALLON/cifar-10-cnn,cv,image_classification,CIFAR10,"CNN, DenseNet, residual, LeNet, vgg, SENet",,
https://github.com/persistforever/yolo-tensorflow,cv,object_detection,pascal VOC,YOLO,,
https://github.com/lpty/tensorflow_tutorial,unknown,unknown,unknown,",",,
https://github.com/ColeMurray/medium-facenet-tutorial,cv,object_recognition,image,,,
https://github.com/minimaxir/textgenrnn,nlp,text_generation,text,"LSTM,",,
https://github.com/taki0112/Densenet-Tensorflow,implementation,implementation,"cifar10, MNIST","DenseNet,",,
https://github.com/fregu856/2D_detection,cv,object_detection,Kitti,",",,
https://github.com/LynnHo/DCGAN-LSGAN-WGAN-WGAN-GP-Tensorflow,implementation,implementation,,,,